{"cameraMode":{"drawMode":0,"name":"Shaded","section":"Shading Mode"},"sceneLighting":false,"audioPlay":false,"sceneViewState":{"m_AlwaysRefresh":false,"showFog":true,"showSkybox":false,"showFlares":true,"showImageEffects":true,"showParticleSystems":true,"showVisualEffectGraphs":true,"m_FxEnabled":true},"in2DMode":false,"pivot":{"x":-1.2588776350021363,"y":0.6043767929077148,"z":-2.491084575653076},"rotation":{"x":0.0077492715790867809,"y":0.9650312066078186,"z":0.02865731716156006,"w":-0.2605433166027069},"size":2.2311463356018068,"orthographic":false}